name,type,epoch,orbiting,orbitRef,a,e,w,m,inc,omega,lDot,P,wDot,omegaDot,H,radius,orbitRA,orbitDec,tilt,info,wiki,wikipic
S/2000 (90) 1,3,51544,90 Antiope,E,171,0.006,,,,,,0.687713,,,9.02,41.9,,,,,,
S/2001 (107) 1,3,51544,107 Camilla,E,1235,0.006,,,10,,,3.71,,,13.18,,,,,,,
Peneius,3,51544,41 Daphne,E,443,,,,,,,1.1,,,,1,,,,,,
Moon,2,51544.5,Earth,E,384400,0.0554,318.15,135.27,5.16,125.08,481274.860066595,27.322,5.997,18.6,-12.6,1737.4,,,,Also known as Luna.,Moon,thumb/e/e1/FullMoon2010.jpg/330px-FullMoon2010.jpg
S/2003 (130) 1,3,51544,130 Elektra,E,1318,0.13,,,3,,,5.258,,,14.5,3.5,,,,,,
Dysnomia,3,51344,Eris,Q,37273,0.0062,,,78.29,126.17,,15.785899,,,5.6,350,,,,,,
S/2004 (45) 1,3,51544,45 Eugenia,E,700,,,,,,,4.7,,,,3,,,,,,
Petit-Prince,3,51544,45 Eugenia,Q,1184,0.01,,,8,,,4.766,,,13.6,6.5,,,,,,
S/2019 (31) 1,3,51544,31 Euphrosyne,E,672,0.043,135.2,,1.4,80.1,,1.209,,,,4,,,,,,
S/2004 (854) 1,3,51544,854 Frostia,E,17,,,,,,,1.572,,,14.8,2.3,,,,,,
Xiangliu,3,51344,Gonggong,E,24021,0.2908,,,83.08,31.99,,25.22073,,,6.93,50,,,,,,
Hi'iaka,3,51344,Haumea,E,49880,0.0513,,,126.356,,,49.12,,,,80,,,,,,
Namaka,3,51344,Haumea,E,25657,0.249,178.9,178.5,113.013,205.016,,18.2783,,,,47.5,,,,,,
Skamandrios,3,51344,624 Hektor,E,623.5,0.31,113.4,,166.2,170.7,,2.9651,,,,6,,,,,,
S/2002 (121) 1,3,51544,121 Hermione,Q,768,0.001,,,3,,,2.582,,,,,,,,,,
S/2012 (38628) 1,3,51344,38628 Huya,E,1740,,,,,,,3.2,,,6.44,115.5,,,,,,
Dactyl,3,51544,243 Ida,E,90,,,,8,,,20,,,,0.7,,,,,,
Aitne,3,51544,Jupiter,E,23317000,0.2627,99.401,105,165.048,8.679,18009.7027955683,730.12,80.36,88.19,16,1.5,,,,,Aitne_(moon),thumb/b/be/Aitne-discovery-CFHT-annotated.gif/375px-Aitne-discovery-CFHT-annotated.gif
Ananke,3,51544,Jupiter,E,21254000,0.2332,95.772,253.384,148.693,15.959,20878.5102795337,629.8,144.92,110.12,11.7,14.55,,,,,Ananke_(moon),thumb/4/45/Anank%C3%A9.jpg/330px-Anank%C3%A9.jpg
Aoede,3,51544,Jupiter,E,23974000,0.4325,59.739,197.676,158.272,173.392,17269.6459208031,761.41,69.17,76.83,15.6,2,,,,,Aoede_(moon),
Arche,3,51544,Jupiter,E,23352000,0.2495,171.632,39.713,165.015,339.21,17965.8902948264,731.9,81.4,88.73,16.2,1.5,,,,,Arche_(moon),thumb/9/9a/Bigs2002j1barrow.png/330px-Bigs2002j1barrow.png
Autonoe,3,51544,Jupiter,E,24037000,0.3152,54.793,142.035,152.364,272.817,17278.6823632237,761.01,92.33,85,15.5,2,,,,,Autonoe_(moon),thumb/5/53/Autonoe-discovery-CFHT-annotated.gif/375px-Autonoe-discovery-CFHT-annotated.gif
Callirrhoe,3,51544,Jupiter,E,24099000,0.2796,23.909,107.962,147.08,283.104,17328.6092554822,758.82,120.06,89.03,13.9,4.8,,,,,Callirrhoe_(moon),thumb/8/8e/S1999j1.jpg/375px-S1999j1.jpg
Carme,3,51544,Jupiter,E,23401000,0.2546,26.416,233.375,164.994,114.854,17910.3494122686,734.17,80.98,88.32,10.6,24.85,,,,,Carme_(moon),thumb/1/1c/Carm%C3%A9.jpg/330px-Carm%C3%A9.jpg
Carpo,3,51544,Jupiter,E,17056000,0.4317,90.372,337.062,51.624,50.597,28818.2229869191,456.28,711550.25,112.82,16.1,1.5,,,,,Carpo_(moon),thumb/0/01/Carpo_CFHT_2003-02-25_annotated.gif/375px-Carpo_CFHT_2003-02-25_annotated.gif
Chaldene,3,51544,Jupiter,E,23181000,0.2503,243.878,267.454,165.155,134.24,18168.611228855,723.73,81.66,89.52,16,2,,,,,Chaldene,thumb/f/f7/Chaldene-Jewitt-CFHT-annotated.gif/375px-Chaldene-Jewitt-CFHT-annotated.gif
Cyllene,3,51544,Jupiter,E,23800000,0.4155,187.429,128.345,150.336,252.611,17486.1552825349,751.98,80.19,79.71,16.3,1,,,,,Cyllene_(moon),
Dia,3,51544,Jupiter,E,12297000,0.232,173.544,309.734,28.631,294.497,47263.4099864013,278.21,117.58,241.93,16.3,2,,,,,Dia_(moon),thumb/d/d1/Dia_rediscovery_image.jpg/375px-Dia_rediscovery_image.jpg
Eirene,3,51544,Jupiter,E,23495000,0.2476,90.066,336.636,165.248,176.683,17799.3735714983,738.75,80.95,88.1,,2,,,,,Eirene_(moon),
Elara,3,51544,Jupiter,E,11740000,0.2108,142.001,330.985,27.945,115.511,50643.9452874935,259.64,128.07,265.3,9.6,39.95,,,,,Elara_(moon),thumb/0/0c/Elara2-LB1-mag17.jpg/330px-Elara2-LB1-mag17.jpg
Erinome,3,51544,Jupiter,E,23286000,0.2655,10.274,267.136,164.914,317.497,18049.94308908,728.49,80.51,88.33,16,1.5,,,,,Erinome_(moon),thumb/0/02/Erinome-Jewitt-CFHT-annotated.gif/375px-Erinome-Jewitt-CFHT-annotated.gif
Euanthe,3,51544,Jupiter,E,21039000,0.232,320.635,333.101,148.915,254.297,21193.1567208765,620.45,144.52,111.71,16.4,1.5,,,,,Euanthe_(moon),thumb/0/02/Euanthe-discovery-CFHT-annotated.gif/375px-Euanthe-discovery-CFHT-annotated.gif
Eukelade,3,51544,Jupiter,E,23323000,0.2619,309.685,204.846,165.265,193.558,18004.4357988138,730.33,80.24,88.16,15.9,2,,,,,Eukelade,
Eupheme,3,51544,Jupiter,E,20221000,0.1969,66.338,311.78,147.547,231.489,22520.9001260178,583.87,181.96,122.74,16.6,1,,,,,Eupheme_(moon),
Euporie,3,51544,Jupiter,E,19336000,0.1438,89.904,70.243,145.74,60.143,23877.6156658722,550.69,337063.88,139.45,16.3,1,,,,,Euporie_(moon),thumb/3/33/Euporie-discovery-CFHT-annotated.gif/375px-Euporie-discovery-CFHT-annotated.gif
Eurydome,3,51544,Jupiter,E,23146000,0.2755,223.631,287.689,150.271,302.47,18331.248929608,717.31,111.58,93.3,16.2,1.5,,,,,Eurydome_(moon),thumb/e/ec/Eurydome-discovery-CFHT-annotated.gif/375px-Eurydome-discovery-CFHT-annotated.gif
Harpalyke,3,51544,Jupiter,E,21106000,0.2296,134.505,215.956,148.759,29.834,21095.4360335195,623.32,147.17,111.64,15.9,2,,,,,Harpalyke_(moon),thumb/8/8f/Harpalyke-Jewitt-CFHT-annotated.gif/375px-Harpalyke-Jewitt-CFHT-annotated.gif
Hegemone,3,51544,Jupiter,E,23575000,0.3445,197.144,236.95,154.164,318.902,17773.5134209979,739.82,85.66,84.87,15.9,1.5,,,,,Hegemone_(moon),
Helike,3,51544,Jupiter,E,21065000,0.1498,299.482,43.659,154.842,89.749,20994.234453023,626.33,127.4,114.52,16,2,,,,,Helike_(moon),
Hermippe,3,51544,Jupiter,E,21297000,0.2095,300.836,131.854,150.74,330.393,20743.0549573152,633.91,136.92,110.64,15.6,2,,,,,Hermippe_(moon),thumb/9/96/%CE%95%CF%81%CE%BC%CE%AF%CF%80%CF%80%CE%B7.gif/330px-%CE%95%CF%81%CE%BC%CE%AF%CF%80%CF%80%CE%B7.gif
Herse,3,51544,Jupiter,E,23408000,0.2541,330.295,141.667,164.964,295.702,17901.776845429,734.52,80.98,88.27,16.5,1,,,,,Herse_(moon),
Himalia,3,51544,Jupiter,E,11460000,0.1586,331.234,66.874,28.612,64.798,52478.4344129701,250.56,139.38,292.57,7.9,69.8,,,,,Himalia_(moon),thumb/f/fd/Himalia.png/375px-Himalia.png
Iocaste,3,51544,Jupiter,E,21272000,0.2152,64.727,213.675,149.411,269.613,20818.8237372559,631.6,145.78,111.18,15.4,2.5,,,,,Iocaste_(moon),thumb/f/f4/Iocaste-Jewitt-CFHT-annotated.gif/375px-Iocaste-Jewitt-CFHT-annotated.gif
Isonoe,3,51544,Jupiter,E,23231000,0.2471,116.879,124.941,165.25,130.961,18105.3342165289,726.26,81.8,89.52,16,2,,,,,Isonoe_(moon),thumb/3/3a/Isonoe-Jewitt-CFHT-annotated.gif/375px-Isonoe-Jewitt-CFHT-annotated.gif
Kale,3,51544,Jupiter,E,23306000,0.2597,44.233,212.853,164.944,60.17,18022.3041400918,729.61,80.91,88.57,16.4,1,,,,,Kale_(moon),thumb/b/b0/Kale-discovery-CFHT-annotated.gif/375px-Kale-discovery-CFHT-annotated.gif
Kallichore,3,51544,Jupiter,E,23276000,0.2509,9.836,55.937,165.102,30.339,18056.3095074871,728.23,81.56,89.16,16.4,1,,,,,Kallichore_(moon),
Kalyke,3,51544,Jupiter,E,23565000,0.2466,218.934,255.702,165.121,43.864,17720.3759253087,742.04,80.76,87.67,15.4,3.45,,,,,Kalyke,thumb/4/49/Kalyke-Jewitt-CFHT-annotated.gif/375px-Kalyke-Jewitt-CFHT-annotated.gif
Kore,3,51544,Jupiter,E,24482000,0.3313,138.071,33.416,145.173,313.355,16926.4693049464,776.84,108.39,84.47,16.6,1,,,,,Kore_(moon),
Leda,3,51544,Jupiter,E,11164000,0.1624,269.393,230.352,27.882,219.181,54578.0923528574,240.93,144.79,301.94,12.7,10.75,,,,,Leda_(moon),https://upload.wikimedia.org/wikipedia/en/0/0e/Leda2%28moon%29.jpg
Lysithea,3,51544,Jupiter,E,11717000,0.1161,49.67,330.475,27.663,5.326,50730.0581276343,259.2,131.19,292.04,11.2,21.1,,,,,Lysithea_(moon),9/90/Lysithea2.jpg
Megaclite,3,51544,Jupiter,E,23814000,0.4156,288.882,135.272,152.781,280.575,17465.3101018985,752.88,76.9,79.23,15,2.5,,,,,Megaclite,thumb/9/90/Megaclite-Jewitt-CFHT-annotated.gif/375px-Megaclite-Jewitt-CFHT-annotated.gif
Mneme,3,51544,Jupiter,E,21033000,0.2258,40.542,256.86,148.585,13.467,21206.7880883436,620.05,148.06,112.26,16.3,1,,,,,Mneme_(moon),thumb/a/a6/Mneme_Discovery_Image.jpg/375px-Mneme_Discovery_Image.jpg
Orthosie,3,51544,Jupiter,E,21158000,0.2807,216.805,204.517,146.004,221.949,21120.5912392393,622.58,142.35,107.53,16.7,1,,,,,Orthosie_(moon),thumb/b/b9/Orthosie-discovery-CFHT-annotated.gif/375px-Orthosie-discovery-CFHT-annotated.gif
Pasiphae,3,51544,Jupiter,E,23629000,0.4062,169.226,279.769,151.413,314.223,17682.8750545195,743.61,81.2,81.17,10.1,28.9,,,,,Pasiphae_(moon),thumb/2/2e/Pasipha%C3%A9.jpg/330px-Pasipha%C3%A9.jpg
Pasithee,3,51544,Jupiter,E,23091000,0.2682,231.92,215.443,165.117,327.729,18276.3143726129,719.47,80.82,89.25,16.8,1,,,,,Pasithee_(moon),thumb/a/a5/Pasithee-discovery-CFHT-annotated.gif/375px-Pasithee-discovery-CFHT-annotated.gif
Philophrosyne,3,51544,Jupiter,E,22627000,0.1899,18.405,58.865,146.492,236.674,19063.0290951877,689.78,187.83,105.37,16.7,1,,,,,Philophrosyne_(moon),
Praxidike,3,51544,Jupiter,E,21148000,0.2274,190.862,117.48,148.885,280.956,21025.547881023,625.39,144.77,111.16,14.9,3.5,,,,,Praxidike_(moon),thumb/b/b6/Praxidike-Jewitt-CFHT-annotated.gif/375px-Praxidike-Jewitt-CFHT-annotated.gif
S/2003 J10,3,51544,Jupiter,E,23042000,0.4299,170.833,258.937,165.073,151.911,18358.4130453244,716.25,68.06,80.34,16.8,1,,,,,S/2003_J_10,thumb/7/71/2003_J_10_Gladman_CFHT_annotated.gif/375px-2003_J_10_Gladman_CFHT_annotated.gif
S/2003 J12,3,51544,Jupiter,E,17830000,0.4904,13.288,38.543,151.003,65.53,26853.1364488518,489.67,97.93,109.42,17,0.5,,,,,S/2003_J_12,thumb/d/d8/2003_J_12_Gladman_CFHT_annotated.gif/375px-2003_J_12_Gladman_CFHT_annotated.gif
S/2003 J16,3,51544,Jupiter,E,21097000,0.2281,57.681,307.563,148.683,16.883,21110.3165777481,622.88,146.7,111.64,16.3,1,,,,,S/2003_J_16,thumb/4/47/2003_J_16_CFHT_recovery_full.gif/375px-2003_J_16_CFHT_recovery_full.gif
S/2003 J18,3,51544,Jupiter,E,20508000,0.0895,130.894,202.16,146.077,158.247,21983.75411859,598.13,506.86,131.88,16.5,1,,,,,S/2003_J_18,thumb/7/77/2003_J_18_CFHT_recovery_full.gif/375px-2003_J_18_CFHT_recovery_full.gif
S/2003 J19,3,51544,Jupiter,E,23533000,0.2552,176.668,223.035,165.116,27.442,17759.3341689863,740.41,80.17,87.39,16.6,1,,,,,S/2003_J_19,
S/2003 J2,3,51544,Jupiter,E,28347000,0.41,165.201,237.932,157.291,344.782,13410.3289265269,980.53,60.25,62.87,16.7,1,,,,,S/2003_J_2,thumb/a/ad/2003_J_2_Gladman_CFHT_annotated.gif/375px-2003_J_2_Gladman_CFHT_annotated.gif
S/2003 J23,3,51544,Jupiter,E,23567000,0.2746,255.114,144.222,146.424,41.706,17952.1383927595,732.46,130.1,92.9,16.6,1,,,,,S/2003_J_23,5/5c/S2003j23ccircle.gif
S/2003 J4,3,51544,Jupiter,E,23929000,0.3624,197.401,260.48,149.589,179.131,17410.5399102667,755.25,90.17,82.96,16.7,1,,,,,S/2003_J_4,thumb/2/2b/2003_J_4_Gladman_CFHT_annotated.gif/375px-2003_J_4_Gladman_CFHT_annotated.gif
S/2003 J9,3,51544,Jupiter,E,23385000,0.2632,292.662,348.415,165.047,44.321,17931.1105839415,733.32,80.27,87.93,16.9,0.5,,,,,S/2003_J_9,thumb/8/83/2003_J_9_Gladman_CFHT_annotated.gif/375px-2003_J_9_Gladman_CFHT_annotated.gif
S/2010 J1,3,51544,Jupiter,E,23449000,0.2491,189.23,160.525,165.1,282.871,17853.7127606219,736.5,81.18,88.33,16.4,1,,,,,S/2010_J_1,thumb/8/84/2010_J_1_CFHT_image.gif/375px-2010_J_1_CFHT_image.gif
S/2010 J2,3,51544,Jupiter,E,21004000,0.2267,18.252,312.074,148.673,5.802,21248.3177368167,618.84,147.06,112.35,17.3,0.5,,,,,S/2010_J_2,thumb/8/82/2010_J_2_CFHT_discovery_full.gif/375px-2010_J_2_CFHT_discovery_full.gif
S/2011 J1,3,51544,Jupiter,E,23446000,0.2534,31.514,256.027,165.318,250.728,17857.3762819427,736.35,80.45,87.91,16.7,1,,,,,S/2011_J_1,
S/2011 J2,3,51544,Jupiter,E,23124000,0.3493,270.154,285.597,153.597,24.866,18304.1688228552,718.37,87.78,87,,0.5,,,,,S/2011_J_2,
Sinope,3,51544,Jupiter,E,23942000,0.2552,354.541,165.352,158.189,309.199,17326.9290762124,758.89,88.72,87.4,11.1,17.5,,,,,Sinope_(moon),thumb/f/f5/Sinop%C3%A9.jpg/330px-Sinop%C3%A9.jpg
Sponde,3,51544,Jupiter,E,23790000,0.3112,61.885,174.044,150.997,116.363,17571.6070086588,748.32,98.08,87.01,16.7,1,,,,,Sponde,thumb/2/2c/Sponde-discovery-CFHT-annotated.gif/375px-Sponde-discovery-CFHT-annotated.gif
Taygete,3,51544,Jupiter,E,23363000,0.2523,231.54,94.756,165.253,305.114,17953.1136272487,732.42,81.04,88.59,15.5,2.5,,,,,Taygete_(moon),thumb/0/0c/Taygete-Jewitt-CFHT-annotated.gif/375px-Taygete-Jewitt-CFHT-annotated.gif
Thelxinoe,3,51544,Jupiter,E,21160000,0.2201,313.183,268.013,151.39,169.962,20937.4005629402,628.03,130.58,110.42,16.3,1,,,,,Thelxinoe_(moon),
Themisto,3,51544,Jupiter,E,7504000,0.2435,217.147,313.051,42.977,192.288,101132.30232204,130.02,686.41,528.39,12.9,4.5,,,,,Themisto_(moon),c/c6/S_2000_J_1.jpg
Thyone,3,51544,Jupiter,E,21197000,0.2307,97.023,238.786,148.595,233.022,20965.2477080554,627.19,147.58,110.93,15.8,2,,,,,Thyone_(moon),thumb/b/b1/Thyone-discovery-CFHT-annotated.gif/375px-Thyone-discovery-CFHT-annotated.gif
Adrastea,3,50464,Jupiter,L,129000,0.0018,328.047,135.673,0.054,228.378,44086399.4171005,0.298,0.058,0.116,12,8.2,268.057,64.496,0,,Adrastea_(moon),e/e4/Adrastea.jpg
Amalthea,3,50464,Jupiter,L,181400,0.0032,155.873,185.194,0.38,108.946,26394583.1753673,0.498,0.196,0.393,7.1,83.5,268.057,64.495,0,,Amalthea_(moon),thumb/b/b1/Amalthea_PIA02532.png/330px-Amalthea_PIA02532.png
Callisto,2,50464,Jupiter,L,1882700,0.0074,52.643,181.408,0.192,298.848,787897.159693623,16.69,205.75,338.82,-1.2,2410.3,268.639,64.749,0.356,Galilean moon,Callisto_(moon),thumb/e/e9/Callisto.jpg/330px-Callisto.jpg
Europa,2,50464,Jupiter,L,671100,0.0094,88.97,171.016,0.466,219.106,3702776.30614201,3.551,1.394,30.184,-1.4,1560.8,268.084,64.506,0.016,Galilean moon<br>Attempt no landings here.,Europa_(moon),thumb/e/e4/Europa-moon-with-margins.jpg/330px-Europa-moon-with-margins.jpg
Ganymede,2,50464,Jupiter,L,1070400,0.0013,192.417,317.54,0.177,63.552,1837882.62007346,7.155,63.549,132.654,-2.1,2631.2,268.168,64.543,0.068,Galilean moon,Ganymede_(moon),thumb/f/f2/Ganymede_g1_true-edit1.jpg/330px-Ganymede_g1_true-edit1.jpg
Io,2,50464,Jupiter,L,421800,0.0041,84.129,342.021,0.036,43.977,7432563.68193167,1.769,1.625,7.42,-1.7,1821.6,268.057,64.495,0,Galilean moon,Io_(moon),thumb/7/7b/Io_highest_resolution_true_color.jpg/330px-Io_highest_resolution_true_color.jpg
Metis,3,50464,Jupiter,L,128000,0.0012,297.177,276.047,0.019,146.912,44607101.2835558,0.295,0.057,0.115,10.5,21.5,268.057,64.496,0,,Metis_(moon),9/9a/Metis.jpg
Thebe,3,50464,Jupiter,L,221900,0.0176,234.269,135.956,1.08,235.694,19493741.4730934,0.675,0.398,0.797,9,49.3,268.057,64.495,0,,Thebe_(moon),1/1b/Thebe.jpg
Linus,3,51544,22 Kalliope,E,1063,0.015,,,0,,,,,,9.7,14,,,,,,
S/2015 (136472) 1,3,51344,Makemake,E,21000,,,,,,,12.4,,,7.8,43.75,,,,,,
Deimos,3,33282,Mars,L,23458,0.0002,260.729,325.329,1.788,24.525,10415719.0789786,1.2624,27.3703,54.5367,,3.1,316.657,53.529,0.889,,Deimos_(moon),thumb/8/8d/Deimos-MRO.jpg/330px-Deimos-MRO.jpg
Phobos,3,33282,Mars,L,9376,0.0151,150.057,91.059,1.075,207.784,41231773.0296913,0.3189,1.1316,2.2617,,5.63335,317.671,52.893,0.009,,Phobos_(moon),thumb/5/5c/Phobos_colour_2008.jpg/330px-Phobos_colour_2008.jpg
Halimede,3,52800,Neptune,E,16681000,0.2909,162.119,105.258,112.898,217.288,6996.7705332281,1879.33,5673.19,18501.48,,31,,,,,Halimede_(moon),thumb/0/02/Halimede.jpg/375px-Halimede.jpg
Laomedeia,3,52800,Neptune,E,23613000,0.4339,140.107,285.863,34.049,59.124,4140.6812758223,3175.62,2245.08,3325.44,,17.4,,,,,Laomedeia,thumb/0/05/Laomedeia_VLT-FORS1_2002-09-03_annotated.gif/375px-Laomedeia_VLT-FORS1_2002-09-03_annotated.gif
Neso,3,52800,Neptune,E,50258000,0.4243,86.441,260.648,131.265,49.151,1330.8079060269,9880.63,23936.86,1094.07,,30,,,,,Neso_(moon),thumb/f/f0/Neso_VLT-FORS1_2002-09-03_annotated.gif/375px-Neso_VLT-FORS1_2002-09-03_annotated.gif
Psamathe,3,52800,Neptune,E,46705000,0.4617,144.158,190.027,137.679,298.074,1440.4213405632,9128.74,1477.62,1304.72,,20,,,,,Psamathe_(moon),thumb/6/65/Psamathe_feat.jpg/375px-Psamathe_feat.jpg
Sao,3,52800,Neptune,E,22619000,0.2827,65.047,168.139,49.907,60.354,4504.4510454249,2919.16,436880.78,5382.39,,22,,,,,Sao_(moon),thumb/7/7a/Sao_VLT-FORS1_2002-09-03_annotated.gif/375px-Sao_VLT-FORS1_2002-09-03_annotated.gif
Despina,3,51544.5,Neptune,L,52526,0.0002,176.857,230.812,0.068,77.06,39291834.7757358,0.335,0.387,0.774,,78,299.431,42.937,0.451,,Despina_(moon),5/5f/Despina.jpg
Galatea,3,51544.5,Neptune,L,61953,0.0001,343.011,65.999,0.034,37.247,30669163.3685621,0.429,0.69,1.38,,87.4,299.43,42.925,0.462,,Galatea_(moon),d/d8/Galatea_moon.jpg
Larissa,3,51544.5,Neptune,L,73548,0.0014,249.891,166.246,0.205,308.127,23707113.1555342,0.555,1.257,2.516,,97,299.429,42.897,0.49,,Larissa_(moon),5/5b/Larissa_1.jpg
Naiad,3,51544.5,Neptune,L,48227,0.0003,2.045,30.035,4.691,42.279,44665140.0265404,0.294,0.289,0.575,,30.2,299.431,42.94,0.448,,Naiad_(moon),thumb/f/f3/Naiad_Voyager.png/330px-Naiad_Voyager.png
Nereid,2,51544.5,Neptune,L,5513818,0.7507,281.117,216.692,7.09,335.57,36512.0341530419,360.13,8091.45,9455.73,,178.5,269.302,69.117,30.011,,Nereid_(moon),b/b0/Nereid-Voyager2.jpg
Proteus,2,51544.5,Neptune,L,117646,0.0005,67.968,250.938,0.075,315.131,11716168.5380294,1.122,6.38,12.727,,210,299.406,42.432,0.974,,Proteus_(moon),thumb/8/83/Proteus_%28Voyager_2%29.jpg/330px-Proteus_%28Voyager_2%29.jpg
S/2004N1,3,51544.5,Neptune,L,105284,0,0,302.652,0,0,13839787.868782,0.95,0,0,,0,299.373,42.944,0.448,,S/2004N1_(moon),
Thalassa,3,51544.5,Neptune,L,50074,0.0002,237.065,262.923,0.135,145.98,42214722.3907493,0.311,0.327,0.654,,40.7,299.431,42.939,0.449,,Thalassa_(moon),thumb/5/5c/Neptune_Trio.jpg/330px-Neptune_Trio.jpg
Triton,2,51544.5,Neptune,L,354759,0,66.142,352.257,156.865,177.608,2237460.53829196,5.877,386.371,687.446,,1352.6,299.456,43.414,0.01,,Triton_(moon),thumb/a/a6/Triton_moon_mosaic_Voyager_2_%28large%29.jpg/450px-Triton_moon_mosaic_Voyager_2_%28large%29.jpg
Vanth,3,51344,Orcus,E,8999.8,0.00091,,,105.03,,,,,,4.88,221.75,,,,,,
Hydra,3,51544,Pluto,Q,64698,0.0056,153.307,326.678,0.304,113.173,344200.743562611,38.2,7.19,14.35,,19.65,,,,,Hydra_(moon),thumb/f/f6/Hydra_Enhanced_Color.jpg/330px-Hydra_Enhanced_Color.jpg
Kerberos,3,51544,Pluto,Q,57729,0,160.629,161.061,0.426,305.871,408769.448490844,32.17,0,9.27,,6.35,,,,,Kerberos_(moon),thumb/2/23/Kerberos_%28moon%29.jpg/330px-Kerberos_%28moon%29.jpg
Nix,3,51544,Pluto,Q,48671,0,324.463,284.405,0,203.4,529042.079112174,24.85,0,0,,19.15,,,,,Nix_(moon),thumb/5/51/Nix_best_view.jpg/330px-Nix_best_view.jpg
Styx,3,51544,Pluto,Q,42393,0.0006,330.244,194.546,0.08,26.956,652170.192665346,20.16,3710.58,5162.64,,5.5,,,,,Styx_(moon),3/38/Styx_%28moon%29.jpg
Charon,2,51544,Pluto,Q,19591,0.0002,146.106,131.07,0.08,26.928,2058676.94299711,6.387,10178.04,9020.398,,606,,,,,Charon_(moon),thumb/2/2e/Charon_in_True_Color_-_High-Res.jpg/330px-Charon_in_True_Color_-_High-Res.jpg
Weywot,3,51344,Quaoar,E,14500,0.148,348,,14,,,12.438,,,,85,,,,,,
Actaea,3,51344,120347 Salacia,E,5724,0.0098,134,,23.59,45.2,,5.493882,,,1.9,142,,,,,,
Aegir,3,51544,Saturn,E,20751000,0.2524,242.651,26.017,166.668,179.064,11763.1761370694,1117.83,273.91,350.18,15.5,3,,,,,Aegir_(moon),
Albiorix,3,51544,Saturn,E,16393000,0.4797,55.932,32.828,34.06,102.512,16783.628499068,783.46,249.88,358.14,11.1,14.3,,,,,Albiorix_(moon),1/16/Albiorix_WISE-W4.jpg
Bebhionn,3,51544,Saturn,E,17116000,0.4682,358.141,168.045,35.101,199.128,15750.2707648138,834.86,236.57,342.06,15,3,,,,,Bebhionn_(moon),thumb/4/45/Bebhionn-cassini.png/375px-Bebhionn-cassini.png
Bergelmir,3,51544,Saturn,E,19336000,0.142,133.4,306.494,158.557,202.164,13073.9716469675,1005.76,359.7,424.95,15.2,2.5,,,,,Bergelmir_(moon),thumb/0/00/Bergelmir.png/375px-Bergelmir.png
Bestla,3,51544,Saturn,E,20209000,0.5145,81.185,239.156,145.136,288.308,12085.4454787079,1088.02,284.99,299.08,14.6,3.5,,,,,Bestla_(moon),thumb/f/f0/Bestla-cassini.png/375px-Bestla-cassini.png
Erriapus,3,51544,Saturn,E,17602000,0.4722,282.522,294.829,34.481,150.985,15094.3616509566,871.14,219.9,323.49,13.7,5,,,,,Erriapus,thumb/7/7b/Erriapus-discovery-CFHT.gif/375px-Erriapus-discovery-CFHT.gif
Farbauti,3,51544,Saturn,E,20390000,0.2414,342.995,282.813,156.52,135.109,12100.6657113541,1086.65,330.77,374.34,15.7,2.5,,,,,Farbauti_(moon),
Fenrir,3,51544,Saturn,E,22454000,0.1347,120.982,131.678,164.963,226.595,10432.9745566051,1260.35,276.77,332.99,15.9,2,,,,,Fenrir_(moon),
Fornjot,3,51544,Saturn,E,25146000,0.2077,324.787,214.499,170.372,259.946,8800.8411087941,1494.09,223.68,267.44,14.9,3,,,,,Fornjot_(moon),thumb/c/c2/Fornjot-cassini.png/375px-Fornjot-cassini.png
Greip,3,51544,Saturn,E,18457000,0.3146,152.16,314.541,174.8,349.35,14031.2903115723,937.14,280.23,385.9,15.4,2.5,,,,,Greip_(moon),thumb/d/de/Greip-cassini.png/375px-Greip-cassini.png
Hati,3,51544,Saturn,E,19868000,0.371,21.286,163.64,165.808,324.38,12641.354705503,1040.18,262.48,339.97,15.3,2.5,,,,,Hati_(moon),thumb/7/7f/Hati-cassini.png/375px-Hati-cassini.png
Hyrrokkin,3,51544,Saturn,E,18440000,0.3359,273.076,291.841,151.536,45.402,14110.5947731069,931.87,375.76,406.45,14.3,4,,,,,Hyrrokkin_(moon),thumb/9/97/Hyrrokkin-cassini.png/375px-Hyrrokkin-cassini.png
Ijiraq,3,51544,Saturn,E,11408000,0.2717,92.899,17.328,47.485,130.779,29128.7128108508,451.42,13807.37,935.12,13.2,6.5,,,,,Ijiraq_(moon),4/44/Ijiraq-discovery-CFHT.gif
Jarnsaxa,3,51544,Saturn,E,19354000,0.2178,237.422,198.75,163.649,22.519,13058.6235745942,1006.94,312.48,396.92,15.6,3,,,,,Jarnsaxa_(moon),
Kari,3,51544,Saturn,E,22093000,0.4756,163.935,286.021,156.067,281.211,10680.1398848836,1231.18,228.81,270.06,14.8,3,,,,,Kari_(moon),thumb/8/85/Kari-cassini.png/375px-Kari-cassini.png
Kiviuq,3,51544,Saturn,E,11384000,0.3325,90.205,172.018,46.764,353.584,29271.4659552021,449.22,19973.94,840.86,12.7,8.5,,,,,Kiviuq_(moon),thumb/0/00/Kiviuq-CFHT.gif/375px-Kiviuq-CFHT.gif
Loge,3,51544,Saturn,E,23059000,0.1862,32.821,337.237,167.689,343.811,10027.1199488576,1311.37,251.72,307.35,13.5,2.5,,,,,Loge_(moon),0/08/Loge_N00177425.jpg
Mundilfari,3,51544,Saturn,E,18653000,0.2097,309.694,92.821,167.439,82.856,13800.5834350106,952.8,312.23,417.31,14.5,3.5,,,,,Mundilfari_(moon),thumb/6/62/Mundilfari-discovery-CFHT.gif/375px-Mundilfari-discovery-CFHT.gif
Narvi,3,51544,Saturn,E,19349000,0.4296,169.959,114.172,145.731,174.435,13097.629301599,1003.94,341.38,347.42,14.4,3.5,,,,,Narvi_(moon),c/c9/Narvi.jpg
Paaliaq,3,51544,Saturn,E,15204000,0.3325,237.522,321.654,46.228,330.022,19141.5044247782,686.95,576.14,535.71,11.9,12.5,,,,,Paaliaq,thumb/f/ff/Paaliaq.jpg/375px-Paaliaq.jpg
S/2004 S12,3,51544,Saturn,E,19886000,0.3268,87.128,1.599,165.261,307.942,12569.6621865734,1046.11,273.22,351.49,15.5,2.5,,,,,S/2004_S_12,
S/2004 S13,3,51544,Saturn,E,18406000,0.2591,346.186,41.077,168.798,205.701,14084.4424175161,933.6,302.01,409.39,15.6,3,,,,,S/2004_S_13,
S/2004 S17,3,51544,Saturn,E,19448000,0.1795,180.792,228.545,168.239,26.664,12959.9130424935,1014.61,300.99,397.14,16,2,,,,,S/2004_S_17,
S/2004 S7,3,51544,Saturn,E,21000000,0.529,84.036,79.762,165.693,341.236,11532.2902848898,1140.21,211.18,273.22,,3,,,,,S/2004_S_7,
S/2006 S1,3,51544,Saturn,E,18780000,0.1412,154.95,96.596,156.18,336.641,13665.3143935372,962.23,405.14,453.57,15.6,2.5,,,,,S/2006_S_1,
S/2006 S3,3,51544,Saturn,E,22428000,0.3792,188.728,167.147,158.631,206.993,10476.1989946025,1255.15,245.54,287.39,15.6,3,,,,,S/2006_S_3,
S/2007 S2,3,51544,Saturn,E,16718000,0.1791,57.72,84.066,174.057,111.277,16270.7209038889,808.15,342.95,496.45,15.7,3,,,,,S/2007_S_2,
S/2007S3 ,3,51544,Saturn,E,18938000,0.1853,111.854,292.691,177.595,276.824,13448.1000870247,977.78,1079.63,161352.07,15.7,2.5,,,,,S/2007_S_3,
Siarnaq,3,51544,Saturn,E,18182000,0.2802,65.929,201.288,45.809,47.826,14683.5505143632,895.51,457.4,454.2,10.6,19.95,,,,,Siarnaq,thumb/0/0b/Siarnaq_Cassini_color_composite.png/375px-Siarnaq_Cassini_color_composite.png
Skathi,3,51544,Saturn,E,15635000,0.2718,203.517,114.689,152.633,286.599,18059.6698660267,728.1,474.36,546.69,14.3,4,,,,,Skathi_(moon),thumb/1/18/Skathi-discovery-CFHT.gif/375px-Skathi-discovery-CFHT.gif
Skoll,3,51544,Saturn,E,17668000,0.4636,193.115,44.965,161.01,296.623,14972.2966270056,878.24,286.68,369.06,15.4,2.5,,,,,Skoll_(moon),
Surtur,3,51544,Saturn,E,22941000,0.4459,303.662,136.191,169.688,236.537,10137.2666576839,1297.12,202.95,259.66,15.8,3,,,,,Surtur_(moon),7/7c/Surtur%2C_sat%C3%A9lite.jpg
Suttungr,3,51544,Saturn,E,19468000,0.1139,34.281,321.133,175.815,227.259,12933.5524907758,1016.68,292.79,402.2,14.5,3.5,,,,,Suttungr_(moon),thumb/e/e2/Suttungr-discovery-CFHT.gif/375px-Suttungr-discovery-CFHT.gif
Tarqeq,3,51544,Saturn,E,17962000,0.1675,34.767,161.02,46.291,83.291,14855.3196241912,885.15,896.54,593.15,14.8,3.5,,,,,Tarqeq_(moon),thumb/b/b6/Tarqeq-cassini.png/375px-Tarqeq-cassini.png
Tarvos,3,51544,Saturn,E,18243000,0.5382,274.104,265.783,33.725,102.504,14194.6877455604,926.35,194.18,272.97,12.8,7.5,,,,,Tarvos_(moon),a/a3/Tarvos_discovery.gif
Thrymr,3,51544,Saturn,E,20418000,0.4659,125.404,30.075,177.659,285.762,12041.3261626211,1092.01,875.11,139002.09,14.3,4,,,,,Thrymr_(moon),thumb/3/3a/Thrymr-discovery-CFHT.gif/375px-Thrymr-discovery-CFHT.gif
Ymir,3,51544,Saturn,E,23128000,0.3338,21.352,228.673,173.497,192.937,9998.4144512895,1315.13,217.61,277.53,12.3,9.5,,,,,Ymir_(moon),thumb/8/8c/Ymir-discovery-eso0036a_%28cropped%29.jpg/330px-Ymir-discovery-eso0036a_%28cropped%29.jpg
Aegaeon,3,51544.5,Saturn,L,167425,0.0002,152.905,322.771,0.001,317.202,16271930.5489542,0.808,0.343,0.688,18.7,0.33,40.584,83.537,0.001,,Aegaeon_(moon),thumb/8/83/N1643264379_1.jpg/330px-N1643264379_1.jpg
Anthe,3,51544.5,Saturn,L,196888,0.0011,138.902,190.473,0.015,287.852,12687498.1518189,1.036,0.617,1.232,14.8,0.9,40.583,83.537,0,,Anthe_(moon),thumb/f/f3/Anthe_N1832831075_1.jpg/330px-Anthe_N1832831075_1.jpg
Atlas,3,51544.5,Saturn,L,137774,0.0011,210.851,283.282,0.003,236.422,21853826.9696882,0.602,0.171,0.344,10.7,15.1,40.585,83.538,0,,Atlas_(moon),thumb/b/bd/Atlas_2017-04-12_raw_preview.jpg/330px-Atlas_2017-04-12_raw_preview.jpg
Calypso,3,51544.5,Saturn,L,294721,0.0005,17.47,156.66,1.5,314.226,6965362.46365193,1.888,2.487,4.983,8.7,10.7,40.578,83.537,0.001,,Calypso_(moon),thumb/b/b7/N00151485_Calypso_crop.jpg/330px-N00151485_Calypso_crop.jpg
Daphnis,3,51544.5,Saturn,L,136504,0,266.931,113.79,0.003,132.867,22133774.0821139,0.594,0.166,0.334,12,3.8,40.583,83.538,0,,Daphnis_(moon),thumb/6/6d/PIA21056cropsharpen.jpg/330px-PIA21056cropsharpen.jpg
Dione,2,51544.5,Saturn,L,377415,0.0022,284.315,322.232,0.028,290.415,4804397.0394939,2.737,5.852,11.709,0.4,561.4,40.544,83.54,0.005,,Dione_(moon),thumb/d/d0/Dione_in_natural_light_%28cropped%29.jpg/330px-Dione_in_natural_light_%28cropped%29.jpg
Enceladus,2,51544.5,Saturn,L,238042,0,0.076,199.686,0.003,342.507,9596449.74345157,1.37,1.184,2.36,1.8,252.1,40.586,83.536,0.002,,Enceladus,thumb/8/83/PIA17202_-_Approaching_Enceladus.jpg/420px-PIA17202_-_Approaching_Enceladus.jpg
Epimetheus,3,51544.5,Saturn,L,151450,0.0161,88.975,80.377,0.353,192.762,18923857.9323268,0.695,0.24,0.482,5.6,58.1,40.585,83.538,0,,Epimetheus_(moon),thumb/2/24/PIA09813_Epimetheus_S._polar_region.jpg/390px-PIA09813_Epimetheus_S._polar_region.jpg
Helene,3,51544.5,Saturn,L,377444,0,33.134,43.186,0.213,163.112,4804397.03584134,2.737,2.562,11.706,7.3,17.6,40.544,83.54,0.005,,Helene_(moon),thumb/d/d6/Leading_hemisphere_of_Helene_-_20110618.jpg/330px-Leading_hemisphere_of_Helene_-_20110618.jpg
Hyperion,3,51544.5,Saturn,L,1500933,0.0232,303.178,86.342,0.615,263.847,618011.950871876,21.28,127.99,154.66,48,135,36.372,83.862,0.564,,Hyperion_(moon),thumb/9/94/Hyperion_true.jpg/330px-Hyperion_true.jpg
Iapetus,2,51544.5,Saturn,L,3560854,0.0293,271.606,201.789,8.298,81.105,165751.20443224,79.33,1676.69,3438.73,1.7,734.3,284.715,78.749,15.21,,Iapetus_(moon),thumb/c/c9/Iapetus_as_seen_by_the_Cassini_probe_-_20071008.jpg/330px-Iapetus_as_seen_by_the_Cassini_probe_-_20071008.jpg
Janus,3,51544.5,Saturn,L,151450,0.0098,16.012,17.342,0.165,154.175,18932813.4229797,0.695,0.24,0.482,4.7,89.5,40.585,83.538,0,,Janus_(moon),thumb/6/62/PIA12714_Janus_crop.jpg/330px-PIA12714_Janus_crop.jpg
Methone,3,51544.5,Saturn,L,194402,0,134.636,71.189,0.013,313.562,13024856.5442809,1.01,0.25,1.158,13.8,1.45,40.589,83.536,0.002,,Methone_(moon),thumb/2/2c/Methone_PIA14633.jpg/330px-Methone_PIA14633.jpg
Mimas,2,51544.5,Saturn,L,185539,0.0196,332.499,14.848,1.574,173.027,13952591.985667,0.942,0.493,0.986,2.7,198.2,40.589,83.536,0.002,,Mimas_(moon),thumb/b/bc/Mimas_Cassini.jpg/330px-Mimas_Cassini.jpg
Pallene,3,51544.5,Saturn,L,212282,0.004,16.074,356.229,0.001,123.18,11396987.4097195,1.154,0.862,1.899,12.9,2.2,40.579,83.537,0.001,,Pallene_(moon),thumb/8/80/Pallene_N1665945513_1.jpg/330px-Pallene_N1665945513_1.jpg
Pan,3,51544.5,Saturn,L,133585,0,103.331,351.187,0,52.076,22866207.4319949,0.575,0.154,0.309,9.1,14.1,40.583,83.538,0,,Pan_(moon),thumb/b/b5/PIA21436.jpg/330px-PIA21436.jpg
Pandora,3,51544.5,Saturn,L,141810,0.0042,66.248,125.112,0.05,147.272,20921441.6139101,0.629,0.19,0.381,6.6,40.7,40.585,83.538,0,,Pandora_(moon),thumb/b/bc/PIA21055_-_Pandora_Up_Close.jpg/330px-PIA21055_-_Pandora_Up_Close.jpg
Phoebe,3,51544.5,Saturn,L,12947918,0.1634,342.5,53.038,175.243,241.086,23994.1068777238,548.02,460.92,723.17,6.6,106.5,275.954,67.455,26.723,,Phoebe_(moon),thumb/3/32/Phoebe_cassini.jpg/330px-Phoebe_cassini.jpg
Polydeuces,3,51544.5,Saturn,L,377222,0.0191,311.847,89.307,0.175,67.936,4804397.03584134,2.737,5.811,11.695,13.5,1.3,40.543,83.54,0.005,,Polydeuces_(moon),0/04/Polydeuces.jpg
Prometheus,3,51544.5,Saturn,L,139429,0.0022,37.514,96.886,0.007,319.176,21450995.3587458,0.613,0.179,0.359,6.5,43.1,40.585,83.538,0,,Prometheus_(moon),thumb/0/08/Prometheus_12-26-09b.jpg/330px-Prometheus_12-26-09b.jpg
Rhea,2,51544.5,Saturn,L,527068,0.0002,241.619,179.781,0.333,351.042,2910729.63327371,4.518,17.939,35.832,-0.2,763.8,40.328,83.559,0.036,,Rhea_(moon),thumb/a/ab/PIA07763_Rhea_full_globe5.jpg/330px-PIA07763_Rhea_full_globe5.jpg
Telesto,3,51544.5,Saturn,L,294720,0.0002,119.135,260.157,1.18,229.182,6965362.46365193,1.888,2.489,4.982,8.7,12.4,40.578,83.537,0.001,,Telesto_(moon),thumb/b/b6/Telesto_cassini_closeup.jpg/330px-Telesto_cassini_closeup.jpg
Tethys,2,51544.5,Saturn,L,294672,0.0001,45.202,243.367,1.091,259.842,6965362.53670321,1.888,2.49,4.982,0.3,531.1,40.578,83.537,0.001,,Tethys_(moon),thumb/b/bc/PIA18317-SaturnMoon-Tethys-Cassini-20150411.jpg/330px-PIA18317-SaturnMoon-Tethys-Cassini-20150411.jpg
Titan,2,51544.5,Saturn,L,1221865,0.0288,180.532,163.31,0.306,28.06,824638.399519574,15.95,352.12,704.6,-1.3,2574.73,36.214,83.949,0.629,,Titan_(moon),thumb/4/45/Titan_in_true_color.jpg/330px-Titan_in_true_color.jpg
Romulus,3,51344,87 Sylvia,Q,1351.35,0.0069,,175,1.7,93.17,,3.6496,,,10.7,5.4,,,,,,
Remus,3,51344,87 Sylvia,Q,706,0.016,,,2,,,1.3788,,,11.1,3.5,,,,,,
Caliban,3,51544.5,Uranus,E,7231100,0.1812,354.339,7.271,141.529,171.189,22681.5362219015,579.73,8936.31,6445.52,,21,,,,,Caliban_(moon),thumb/6/65/Caliban_discovery_Palomar.gif/375px-Caliban_discovery_Palomar.gif
Ferdinand,3,51544.5,Uranus,E,20430000,0.3993,156.298,26.163,169.793,217.35,4712.9430299889,2790.03,747.3,1001.7,,10,,,,,Ferdinand_(moon),thumb/0/08/Uranus_moon_021002_02.jpg/330px-Uranus_moon_021002_02.jpg
Francisco,3,51544.5,Uranus,E,4282900,0.1324,140.644,3.202,147.25,100.738,49231.6742548267,267.09,12574.36,14080.4,,11,,,,,Francisco_(moon),
Margaret,3,51544.5,Uranus,E,14146700,0.6772,90.017,322.187,57.367,7.067,7916.4422244986,1661,12057739.22,987.08,,10,,,,,Margaret_(moon),thumb/a/ac/S2003u3acircle.gif/375px-S2003u3acircle.gif
Prospero,3,51544.5,Uranus,E,16276800,0.4445,174.152,233.586,151.83,319.003,6646.4933336748,1978.37,1155.47,1370.39,,25,,,,,Prospero_(moon),thumb/a/a6/Prospero_-_Uranus_moon.jpg/375px-Prospero_-_Uranus_moon.jpg
Setebos,3,51544.5,Uranus,E,17420400,0.5908,359.953,179.449,158.235,250.235,5909.5594008132,2225.08,823.91,1044.2,,24,,,,,Setebos_(moon),b/ba/Uranus_-_Setebos_image.jpg
Stephano,3,51544.5,Uranus,E,8007400,0.2248,14.956,270.163,143.819,191.411,19409.2336862936,677.47,5484.23,5182.2,,16,,,,,Stephano_(moon),e/e9/Stephano_-_Uranus_moon.jpg
Sycorax,3,51544.5,Uranus,E,12179400,0.5219,20.103,266.583,159.42,263.034,10206.0553885277,1288.38,1393.43,1863.29,,78.5,,,,,Sycorax_(moon),thumb/2/24/Uranus-sycorax2.gif/375px-Uranus-sycorax2.gif
Trinculo,3,51544.5,Uranus,E,8505200,0.2194,158.688,180.374,166.971,193.755,17546.3568362846,749.4,2592.77,4273.04,,9,,,,,Trinculo_(moon),https://upload.wikimedia.org/wikipedia/en/0/0d/Trinculo_discovery.jpg
Ariel,2,44239,Uranus,Q,190900,0.0012,115.349,39.481,0.041,22.394,5217163.29112662,2.52,28.788,57.248,,578.9,,,,,Ariel_(moon),thumb/5/59/Ariel_%28moon%29.jpg/330px-Ariel_%28moon%29.jpg
Miranda,2,44239,Uranus,Q,129900,0.0013,68.312,311.33,4.338,326.438,9302738.32850543,1.413,8.913,17.727,,235.8,,,,,Miranda_(moon),thumb/e/e1/PIA18185_Miranda%27s_Icy_Face.jpg/330px-PIA18185_Miranda%27s_Icy_Face.jpg
Oberon,2,44239,Uranus,Q,583500,0.0014,104.4,283.088,0.068,279.771,976676.842756723,13.46,161.52,195.37,,761.4,,,,,Oberon_(moon),0/09/Voyager_2_picture_of_Oberon.jpg
Titania,2,44239,Uranus,Q,436300,0.0011,284.4,24.614,0.079,99.771,1510387.09542647,8.706,161.525,195.369,,788.4,,,,,Titania_(moon),thumb/a/ac/Titania_%28moon%29_color%2C_cropped.jpg/390px-Titania_%28moon%29_color%2C_cropped.jpg
Umbriel,2,44239,Uranus,Q,266000,0.0039,84.709,12.469,0.128,33.485,3172941.40522087,4.144,63.146,126.951,,584.7,,,,,Umbriel_(moon),thumb/2/2f/PIA00040_Umbrielx2.47.jpg/390px-PIA00040_Umbrielx2.47.jpg
Belinda,3,46449,Uranus,Q,75300,0.0001,42.406,357.224,0.031,279.337,21088451.9118141,0.624,1.397,2.796,,45,,,,,Belinda_(moon),6/64/Belinda.gif
Bianca,3,46449,Uranus,Q,59200,0.0009,8.293,138.486,0.193,93.22,30257397.3678269,0.435,0.603,1.206,,25.5,,,,,Bianca_(moon),thumb/c/cf/Biancamoon.png/330px-Biancamoon.png
Cordelia,3,46449,Uranus,Q,49800,0.0003,136.827,254.805,0.085,38.374,39247465.2152096,0.335,0.328,0.657,,20,,,,,Cordelia_(moon),thumb/5/59/Cordeliamoon.png/330px-Cordeliamoon.png
Cressida,3,46449,Uranus,Q,61800,0.0004,44.236,233.795,0.006,99.403,28365166.8253503,0.464,0.701,1.402,,40,,,,,Cressida_(moon),thumb/5/57/Cressida.png/330px-Cressida.png
Desdemona,3,46449,Uranus,Q,62700,0.0001,183.285,184.627,0.113,306.089,27761512.1962722,0.474,0.737,1.474,,32,,,,,Desdemona_(moon),thumb/4/41/Desdemonamoon.png/330px-Desdemonamoon.png
Juliet,3,46449,Uranus,Q,64400,0.0007,223.819,244.696,0.065,200.155,26668321.6564821,0.493,0.809,1.619,,47,,,,,Juliet_(moon),thumb/3/39/Julietmoon.png/330px-Julietmoon.png
Ophelia,3,46449,Uranus,Q,53800,0.0099,17.761,116.259,0.104,164.048,34934153.4381733,0.376,0.431,0.862,,21.5,,,,,Ophelia_(moon),thumb/0/04/Opheliamoon.png/330px-Opheliamoon.png
Portia,3,46449,Uranus,Q,66100,0.0001,222.433,218.312,0.059,260.067,25622240.0889831,0.513,0.888,1.777,,67.5,,,,,Portia_(moon),thumb/2/25/Uranus-Portia-Cressida-Ophelia-NASA.gif/330px-Uranus-Portia-Cressida-Ophelia-NASA.gif
Puck,3,46449,Uranus,Q,86000,0.0001,177.094,245.796,0.319,268.734,17259991.7495162,0.762,2.224,4.448,,81,,,,,Puck_(moon),b/b6/Puck.png
Rosalind,3,46449,Uranus,Q,69900,0.0001,140.477,136.181,0.279,12.847,23545536.2067427,0.558,1.081,2.163,,36,,,,,Rosalind_(moon),thumb/3/34/Rosalindmoon.png/330px-Rosalindmoon.png
Cupid,3,53242,Uranus,Q,74392,0.0013,247.608,163.83,0.099,182.793,21456753.0701189,0.613,1.346,2.693,,9,,,,,Cupid_(moon),thumb/0/03/Cupidmoon.png/330px-Cupidmoon.png
Mab,3,53242,Uranus,Q,97736,0.0025,249.565,273.769,0.134,350.737,14246828.3470581,0.923,3.502,7.004,,12.5,,,,,Mab_(moon),thumb/7/79/Mabmoon.png/330px-Mabmoon.png
Perdita,3,53242,Uranus,Q,76417,0.0116,253.925,192.405,0.47,309.376,20609479.207815,0.638,1.479,2.958,,15,,,,,Perdita_(moon),thumb/c/c6/Perdita_feat.jpg/525px-Perdita_feat.jpg
Ilmare,3,51344,174567 Varda,E,4809,0.0181,,,101,,,5.75058,,,3.097,178,,,,,,
